participant_id	age	sex	hand	weight	height	group	species	bci_experience
sub-1	12	M	n/a	n/a	n/a	healthy	human	naive
sub-10	8	F	n/a	n/a	n/a	healthy	human	naive
sub-11	11	M	n/a	n/a	n/a	healthy	human	naive
sub-12	9	M	n/a	n/a	n/a	healthy	human	naive
sub-13	10	M	n/a	n/a	n/a	healthy	human	naive
sub-14	17	F	n/a	n/a	n/a	healthy	human	naive
sub-15	17	F	n/a	n/a	n/a	healthy	human	naive
sub-17	16	F	n/a	n/a	n/a	healthy	human	naive
sub-18	17	F	n/a	n/a	n/a	healthy	human	naive
sub-19	15	M	n/a	n/a	n/a	healthy	human	naive
sub-2	10	F	n/a	n/a	n/a	healthy	human	naive
sub-20	10	F	n/a	n/a	n/a	healthy	human	naive
sub-21	12	M	n/a	n/a	n/a	healthy	human	naive
sub-22	8	M	n/a	n/a	n/a	healthy	human	naive
sub-24	17	M	n/a	n/a	n/a	healthy	human	naive
sub-25	17	F	n/a	n/a	n/a	healthy	human	naive
sub-27	9	M	n/a	n/a	n/a	healthy	human	naive
sub-28	17	F	n/a	n/a	n/a	healthy	human	naive
sub-29	17	F	n/a	n/a	n/a	healthy	human	naive
sub-3	12	F	n/a	n/a	n/a	healthy	human	naive
sub-30	17	F	n/a	n/a	n/a	healthy	human	naive
sub-31	17	F	n/a	n/a	n/a	healthy	human	naive
sub-32	18	F	n/a	n/a	n/a	healthy	human	naive
sub-33	10	M	n/a	n/a	n/a	healthy	human	naive
sub-34	12	M	n/a	n/a	n/a	healthy	human	naive
sub-35	11	M	n/a	n/a	n/a	healthy	human	naive
sub-36	9	M	n/a	n/a	n/a	healthy	human	naive
sub-37	17	M	n/a	n/a	n/a	healthy	human	naive
sub-38	14	M	n/a	n/a	n/a	healthy	human	naive
sub-4	13	M	n/a	n/a	n/a	healthy	human	naive
sub-40	15	M	n/a	n/a	n/a	healthy	human	naive
sub-41	15	M	n/a	n/a	n/a	healthy	human	naive
sub-42	16	F	n/a	n/a	n/a	healthy	human	naive
sub-44	8	F	n/a	n/a	n/a	healthy	human	naive
sub-45	6	M	n/a	n/a	n/a	healthy	human	naive
sub-47	10	M	n/a	n/a	n/a	healthy	human	naive
sub-5	16	M	n/a	n/a	n/a	healthy	human	naive
sub-6	14	M	n/a	n/a	n/a	healthy	human	naive
sub-7	9	M	n/a	n/a	n/a	healthy	human	naive
sub-8	17	M	n/a	n/a	n/a	healthy	human	naive
sub-9	16	M	n/a	n/a	n/a	healthy	human	naive
