onset	duration	trial_type	value	sample
2.5234375	5.0	6.25	4	646
11.5546875	5.0	14.28	3	2958
20.703125	5.0	11.11	2	5300
28.8359375	5.0	10	1	7382
37.05078125	5.0	10	1	9485
65.00390625	5.0	10	1	16641
73.3984375	5.0	11.11	2	18790
82.09375	5.0	11.11	2	21016
90.71875	5.0	6.25	4	23224
121.31640625	5.0	10	1	31057
130.65234375	5.0	11.11	2	33447
138.94921875	5.0	11.11	2	35571
147.921875	5.0	6.25	4	37868
156.9375	5.0	14.28	3	40176
179.7421875	5.0	11.11	2	46014
189.38671875	5.0	14.28	3	48483
199.80078125	5.0	11.11	2	51149
208.02734375	5.0	11.11	2	53255
215.9140625	5.0	6.25	4	55274
224.21875	5.0	6.25	4	57400
232.4921875	5.0	6.25	4	59518
254.52734375	5.0	6.25	4	65159
264.09375	5.0	11.11	2	67608
272.3984375	5.0	6.25	4	69734
280.3203125	5.0	11.11	2	71762
288.984375	5.0	11.11	2	73980
297.72265625	5.0	10	1	76217
305.71875	5.0	6.25	4	78264
313.765625	5.0	11.11	2	80324
332.3359375	5.0	10	1	85078
340.87890625	5.0	11.11	2	87265
348.921875	5.0	11.11	2	89324
357.5546875	5.0	11.11	2	91534
365.96875	5.0	6.25	4	93688
374.29296875	5.0	6.25	4	95819
383.08984375	5.0	10	1	98071
401.51953125	5.0	10	1	102789
