name	x	y	z	type	material
Fz	-0.001229271161566281	0.09327445200029715	0.1026392934768164	wet	Ag/AgCl gel
F4	0.050274277731628736	0.08743838910239796	0.07727065434234194	wet	Ag/AgCl gel
F8	0.07143526925150917	0.07450512647808137	0.025101027393177114	wet	Ag/AgCl gel
C3	-0.0671487229331174	0.023358230537446293	0.1045106810602483	wet	Ag/AgCl gel
Cz	-0.0013741334028190722	0.027617093595102737	0.14019949417439556	wet	Ag/AgCl gel
C4	0.06532888071838541	0.023573104961569495	0.10369243420047652	wet	Ag/AgCl gel
T8	0.08326136985759491	0.015258189278681375	0.030972968524059938	wet	Ag/AgCl gel
P7	-0.07445796452347851	-0.04212316495850575	0.04127363138738122	wet	Ag/AgCl gel
P3	-0.0550382318026169	-0.044210304662340896	0.09990897692200876	wet	Ag/AgCl gel
P4	0.05363601546337514	-0.04433452185507687	0.10051602773215099	wet	Ag/AgCl gel
P8	0.07103247088902218	-0.042259976012095204	0.0411988627819509	wet	Ag/AgCl gel
PO7	-0.05694862114459298	-0.06592324642051975	0.047907438021991204	wet	Ag/AgCl gel
PO8	0.053557322892856016	-0.06641693688532627	0.047850975850466874	wet	Ag/AgCl gel
O1	-0.03157355787465608	-0.08056835212663661	0.05478964562404762	wet	Ag/AgCl gel
Oz	-0.0020602461029908406	-0.0827829905012281	0.06073663060773575	wet	Ag/AgCl gel
O2	0.027683100559624117	-0.08048883980936473	0.0547340814777941	wet	Ag/AgCl gel
